{
  "total_episodes": 1,
  "initial_capital": 100000.0,
  "final_capital": 92559.13500000005,
  "total_return": -7440.864999999947,
  "total_return_pct": -7.4408649999999525,
  "symbol_distribution": {
    "RELIANCE_1": 1,
    "Bank_Nifty_5": 0
  },
  "avg_episode_reward": -2.2200185160015202,
  "total_trades": 37,
  "win_rate": 0.4594594594594595,
  "profit_factor": 0.8783954589959806,
  "avg_pnl_per_trade": -182.1855405405399
}