{
  "total_episodes": 1,
  "initial_capital": 100000.0,
  "final_capital": 97152.70500000002,
  "total_return": -2847.2949999999837,
  "total_return_pct": -2.847294999999983,
  "symbol_distribution": {
    "RELIANCE_1": 1,
    "Bank_Nifty_5": 0
  },
  "avg_episode_reward": 94.16480447370748,
  "total_trades": 58,
  "win_rate": 0.5,
  "profit_factor": 0.9732296078008807,
  "avg_pnl_per_trade": -29.69474137930982
}