{
  "total_episodes": 1,
  "initial_capital": 100000.0,
  "final_capital": 67901.79999999993,
  "total_return": -32098.20000000007,
  "total_return_pct": -32.09820000000006,
  "symbol_distribution": {
    "Bankex_180": 1,
    "Bankex_120": 0,
    "Bankex_15": 0,
    "Bankex_10": 0,
    "Bankex_1": 0
  },
  "avg_episode_reward": -92.22116306666693,
  "total_trades": 1,
  "win_rate": 0.0,
  "profit_factor": 0.0,
  "avg_pnl_per_trade": -32073.20000000007
}